INSERT INTO TB_USER(USER_ID, PASSWORD, ROLE_ID, USER_NAME, EMAIL, POINT, GENDER) VALUES('admin', 'admin', 'ROLE_ADMIN', '운영자', 'admin@admin.com', 0, 'F');
INSERT INTO TB_USER(USER_ID, PASSWORD, ROLE_ID, USER_NAME, EMAIL, POINT, GENDER) VALUES('manager', 'manager', 'ROLE_MANAGER', '관리자', 'manager@manager.com', 0,'M');
INSERT INTO TB_USER(USER_ID, PASSWORD, ROLE_ID, USER_NAME, EMAIL, POINT, GENDER) VALUES('user', 'user', 'ROLE_USER', '일반사용자', 'user@user.com', 0, 'M');

INSERT INTO SECURITY_ROLE(ROLE_ID, ROLE_NAME, USE_YN, EDITABLE) VALUES('ROLE_ADMIN', '운영자', 'Y', 'N');
INSERT INTO SECURITY_ROLE(ROLE_ID, ROLE_NAME, USE_YN, EDITABLE) VALUES('ROLE_MANAGER', '관리자', 'Y', 'Y');
INSERT INTO SECURITY_ROLE(ROLE_ID, ROLE_NAME, USE_YN, EDITABLE) VALUES('ROLE_USER', '일반사용자', 'Y', 'Y');
INSERT INTO SECURITY_ROLE(ROLE_ID, ROLE_NAME, USE_YN, EDITABLE) VALUES('ROLE_ANONYMOUS', '익명사용자', 'Y', 'N');

INSERT INTO SECURITY_ROLE_HIERARCHY(PARENT_ROLE_ID, ROLE_ID, ROLE_NAME) VALUES(NULL, 'ROLE_ADMIN', '운영자');
INSERT INTO SECURITY_ROLE_HIERARCHY(PARENT_ROLE_ID, ROLE_ID, ROLE_NAME) VALUES('ROLE_ADMIN', 'ROLE_MANAGER', '관리자');
INSERT INTO SECURITY_ROLE_HIERARCHY(PARENT_ROLE_ID, ROLE_ID, ROLE_NAME) VALUES('ROLE_MANAGER', 'ROLE_USER', '일반사용자');
INSERT INTO SECURITY_ROLE_HIERARCHY(PARENT_ROLE_ID, ROLE_ID, ROLE_NAME) VALUES('ROLE_USER', 'ROLE_ANONYMOUS', '일반사용자');

INSERT INTO SECURITY_ROLE_URL(URL, ACCESS_ROLE, PRIORITY) VALUES('/admin/**', 'ROLE_ADMIN', 0);
INSERT INTO SECURITY_ROLE_URL(URL, ACCESS_ROLE, PRIORITY) VALUES('/board/**', 'ROLE_USER', 0);
INSERT INTO SECURITY_ROLE_URL(URL, ACCESS_ROLE, PRIORITY) VALUES('/**', 'ROLE_ANONYMOUS', 10);